<?xml version="1.0" encoding="UTF-8"?>
<!DOCTYPE tiles-definitions PUBLIC
"-//Apache Software Foundation//DTD Tiles Configuration 2.0//EN"
"http://tiles.apache.org/dtds/tiles-config_2_0.dtd">
<tiles-definitions>
	<definition name="baseLayout" template="/WEB-INF/views/layout.jsp">
		<put-attribute name="title"/>
		<put-attribute name="top" value="/WEB-INF/views/top.jsp"/>
		<put-attribute name="body"/>
		<put-attribute name="footer" value="/WEB-INF/views/bottom.jsp"/>
	</definition>
	
	<definition name="notice" extends="baseLayout">
		<put-attribute name="title" value="테스트공지"/>
		<put-attribute name="body" value="/WEB-INF/views/notice.jsp"/>
	</definition>
	
</tiles-definitions>